{
    "14dpi": {
        "inward currents": [
            -171.36143362199613,
            -128.13493054056107,
            -224.37730738748942,
            -163.88792108283766,
            -102.36099157602557,
            -274.3965932955956,
            -152.38166718629495,
            -123.13036536642369,
            -60.862208002635136,
            -12.097850589413257,
            -123.92003645612549,
            -20.81861463037177,
            -29.56684837799718,
            -59.587642199070764,
            -92.00642013228921,
            -64.3384761201182,
            -10.695705281326878
        ],
        "outward currents": [
            462.07073673955415,
            346.8453549760511,
            402.22609139798783,
            516.8108619173263,
            458.85858373947,
            603.6882611897896,
            264.67781756124776,
            222.31999844193425,
            411.1331707814411,
            225.0816699819772,
            234.4216228392445,
            404.2849185212561,
            259.3962336405681,
            323.690317618889,
            252.61296225195775,
            487.18928959348295,
            294.83670224585353
        ]
    },
    "15dpi": {
        "inward currents": [
            -98.82699640325822,
            -46.12992262958281,
            -31.3159399026958,
            -247.75961195779604,
            -96.672880302412,
            -19.85240586205719,
            -110.42158290198147,
            -563.492578343719,
            -100.8346767184137,
            -11.472950591291061,
            -126.0706408038808,
            -129.1114909405466,
            -73.97446719874515,
            -163.9923558136661,
            -26.029643161392475,
            -130.58384769680723
        ],
        "outward currents": [
            485.0449649141366,
            902.290275881444,
            378.5639585659595,
            910.0836476302127,
            302.2017820399923,
            452.9194141358932,
            259.36745821107115,
            1058.9846563713538,
            639.69716604845,
            449.10236302521014,
            826.2555805959806,
            790.1107869450353,
            376.0063551854585,
            547.4107651056468,
            488.4992698646329,
            531.922273458445
        ]
    },
    "16dpi": {
        "inward currents": [
            -85.88214222045364,
            -140.75714893980015,
            -48.264800140054305,
            -99.56643327025138,
            -342.52997337873387,
            -99.68613613605963,
            -86.3350096511838,
            -214.99291647456343,
            -202.38333644934164,
            -92.37353256895229,
            -71.85371867249931,
            -84.42723701652442,
            -30.138679196854575,
            -73.70640430539429,
            -51.40341511261807,
            -171.5120518794411,
            -76.80998669686223,
            -182.91238000846076,
            -56.20067400734067,
            -166.84243373463758
        ],
        "outward currents": [
            401.65439182915503,
            430.7675076773093,
            336.6476040886028,
            475.89360307730294,
            423.9323643398855,
            644.3227376266004,
            532.2660802457979,
            657.5899321059778,
            474.0301217232189,
            506.00064415654765,
            436.61168641499034,
            466.04963092427823,
            544.4366266124758,
            618.7641828537359,
            606.2506057762171,
            373.9598729429168,
            293.99747454030114,
            605.6742640156322,
            394.17221938605275,
            259.73089867067966
        ]
    },
    "17dpi": {
        "inward currents": [
            -159.96541740957588,
            -128.51984911593877,
            -104.98044624170059,
            -33.25708354189505,
            -157.40564637256634,
            -114.63704645363336,
            -163.32328192968112,
            -97.58509756430841,
            -20.31837420167818,
            -563.8785426979127,
            -90.02697944770375,
            -45.53024893138585,
            -109.30984185134463,
            -109.79414717168649,
            -187.6343540068641,
            -33.83244546494526,
            -314.225332967435,
            -102.20668950488503,
            -128.59853099198173
        ],
        "outward currents": [
            597.8764905444827,
            353.2381737958477,
            680.0340654116233,
            410.64730924359316,
            604.9860690386607,
            543.5270242997159,
            432.71827473426004,
            962.0464619273735,
            358.64680523023094,
            880.8523849908269,
            861.8135166847277,
            243.87240868666817,
            764.1590298182272,
            480.8775498992353,
            624.6730927777048,
            516.8554659258049,
            532.5136974021223,
            476.99637349472243,
            411.5732324951908
        ]
    },
    "drg": {
        "inward currents": [
            -563.8573992078888,
            -223.9245639933166,
            -237.16472654807035,
            -302.42867666025325,
            -72.51565425476376,
            -191.0558209947947,
            -550.5858561685757,
            -197.40989926800864,
            -719.6614984665857,
            -270.4149624023036,
            -528.1945364834984,
            -453.78927576315226,
            -74.88802191946715
        ],
        "outward currents": [
            436.6354962010992,
            471.08593826232243,
            648.8623405268785,
            401.70313550542323,
            425.32194883842334,
            206.7045076344708,
            870.5926112616945,
            744.4054430211279,
            698.9857107196348,
            557.9191937474291,
            423.90771732454346,
            502.8797853972722,
            440.77796881622766
        ]
    }
}