{
    "14dpi": [
        -53.79420144301818,
        -36.189795781923635,
        -44.73662055620363,
        -61.84258750783273,
        -34.30386857090182,
        -52.90558433104545,
        -34.939166181643635,
        -55.31233287897818,
        -44.17371865364727,
        -65.74422065372,
        -39.47249158123091,
        -34.03959104217819,
        -53.86485697649455,
        -58.35646602168,
        -33.251557883456364,
        -38.63081715004363,
        -35.421608830932726
    ],
    "15dpi": [
        -33.11243600921091,
        -48.50639363567273,
        -41.960802502336364,
        -58.25253834581274,
        -41.04321809441272,
        -34.72185398477818,
        -34.234702852732724,
        -48.73013158354182,
        -53.960158171774545,
        -34.732095531776366,
        -40.770217405056364,
        -42.85678933359818,
        -32.12737474176546,
        -43.776779224132724,
        -38.177370265285454,
        -38.32265068821818
    ],
    "16dpi": [
        -51.02483770798545,
        -47.088857618780004,
        -39.27234144078727,
        -40.620780117047275,
        -43.95928388081091,
        -67.99804046558545,
        -39.46259128028364,
        -61.229501656325446,
        -46.63130507069819,
        -42.66682958393455,
        -55.20828001234909,
        -69.59524355411273,
        -41.84255605864364,
        -69.28470010230001,
        -42.74899479492182,
        -30.979694763850908,
        -49.6787874007,
        -55.635881539232734,
        -57.78478974776364,
        -22.31126829966909
    ],
    "17dpi": [
        -68.69723227073273,
        -40.499838213240004,
        -34.10121635699273,
        -52.95107689946,
        -42.08196049924182,
        -38.280001441350905,
        -46.56234409378363,
        -74.0315731300909,
        -33.86999485236546,
        -60.43583308362,
        -43.083677711089095,
        -51.90122296128183,
        -71.01954099346909,
        -46.019760335041816,
        -51.16158256932545,
        -45.58718317069818,
        -67.11260793682182,
        -51.63531907573636,
        -44.00502092531273
    ],
    "drg": [
        -41.62201392446182,
        -42.48194223835818,
        -38.73044006538,
        -44.25746475293273,
        -53.85074293921272,
        -48.09394123141273,
        -60.515234640340005,
        -63.18432712083454,
        -46.959425647663636,
        -57.339298484745456,
        -48.500945877445446,
        -50.25235449128818,
        -45.38229047026545
    ]
}